regularization,accuracy,precision,recall,f1
None,0.9867,0.9865893434059926,0.9866519995087784,0.9865880401742706
L2,0.9871,0.9870765152873379,0.9869536372830388,0.9870030354718452
Dropout,0.9853,0.985403748127782,0.9852176641736822,0.9852929711471082
L2+Dropout,0.9871,0.9870707225801402,0.9870962298070873,0.9870716468877172
